{
  "roc_auc": 0.8385427571039518,
  "pr_auc": 0.6229441929096661,
  "optimal_threshold": 0.6443753596095343,
  "f1_score": 0.7270171492332635,
  "accuracy": 0.8589072943911653,
  "sensitivity": 0.7705601907032181,
  "specificity": 0.8873943120676403
}