{
  "roc_auc": 0.7966156064952636,
  "pr_auc": 0.5870726020158956
}